ratio,WTS,Throughput (ops/s),ResponseTime (ms),Jobs,ServiceTime (ms),WaitingTime (ms),QueueSize,ServiceRate (ops/s),Rho,En_q,En,Ew,Er
1:0,8,7943.053333333334,21.55666666666667,551813.3333333334,1.9016666666666666,19.598333333333333,152.02666666666667,8043.53,0.9875083866577651,78.0662022592632,79.05371064592097,9.828235941921143,9.952559466542795
1:0,16,10108.696666666667,16.035,703496.0,3.01,12.958333333333334,124.61333333333334,10179.31,0.9930630530622082,142.16257327624294,143.15563632930514,14.063392934226895,14.16163141993958
1:0,32,12988.613333333335,11.338333333333333,901132.6666666666,4.591666666666667,6.653333333333333,79.33333333333333,13086.54,0.9925169932872504,131.64360527507762,132.63612226836486,10.135308665878442,10.211723058070723
1:0,64,13837.926666666666,9.805,957898.3333333334,6.891666666666667,2.7600000000000002,28.30666666666666,14130.31,0.9793080736846301,46.34872019970066,47.328028273385286,3.3493977324903192,3.4201675882118145
