ratio,WTS,VCs,Throughput (ops/s),ResponseTime (ms),Jobs,ServiceTime (ms),WaitingTime (ms),QueueSize,ServiceRate (ops/s),Rho,En_q,En,Ew,Er
1:0,8,4,5048.05,2.2916666666666665,350643.6666666667,1.8099999999999998,0.38833333333333336,2.0,8839.7790,0.57106065625,0.7602713014517701,1.3313319577017702,0.15060692771501277,0.26373192771501275
1:0,16,4,5402.073333333334,2.1083333333333334,374491.0,1.8699999999999999,0.1416666666666667,0.0,17112.2995,0.3156836604166667,0.14562880891422816,0.4613124693308948,0.026957947426524166,0.08539544742652415
1:0,32,4,5354.7699999999995,2.1416666666666666,371717.0,1.905,0.14,0.0,33595.8005,0.15938807578124997,0.03022150646371099,0.18960958224496097,0.005643847721510166,0.03540947272151017
1:0,64,4,5332.743333333333,2.1766666666666663,369962.6666666667,1.9349999999999998,0.14333333333333334,0.0,66149.8708,0.08061608085937498,0.007068812449101835,0.08768489330847681,0.0013255489730617392,0.01644273647306174
